<wbsModel>
  <wbsNode name='ContadorCambios' id='6447161' type='Project' indentLevel='0' expanded='true'>
    <attr name='createdWithVersion' value='4.0.0'/>
    <attr name='Milestone' value='5279789'/>
  </wbsNode>
    <wbsNode name='Reuniones' id='6447111' type='Component' indentLevel='1' expanded='true'>
      <attr name='workflowSourceIDs' value='3958074'/>
    </wbsNode>
      <wbsNode name='WeekForm' id='6447088' type='High Level Design Document' indentLevel='2' expanded='true'>
        <attr name='Added-HLD Pages (Top Down)' value='10.0'/>
        <attr name='Added-Text Pages (Top Down)' value='10.0'/>
      </wbsNode>
    <wbsNode name='Lanzamiento1' id='6447085' type='Component' indentLevel='1' expanded='true'>
      <attr name='Milestone' value='5279790'/>
      <attr name='Time Per Person' value='0.0'/>
    </wbsNode>
      <wbsNode name='InfoForm' id='6447087' type='General Document' indentLevel='2' expanded='true'>
        <attr name='Added-Text Pages (Top Down)' value='6.0'/>
      </wbsNode>
      <wbsNode name='ProjectCha' id='6447089' type='General Document' indentLevel='2' expanded='true'>
        <attr name='Added-Text Pages (Top Down)' value='5.0'/>
      </wbsNode>
    <wbsNode name='Estrategia1' id='6447086' type='Component' indentLevel='1' expanded='true'>
      <attr name='Milestone' value='5279791'/>
    </wbsNode>
      <wbsNode name='STRAT' id='6447090' type='High Level Design Document' indentLevel='2'>
        <attr name='Added-HLD Pages (Top Down)' value='3.0'/>
        <attr name='Added-Text Pages (Top Down)' value='2.0'/>
      </wbsNode>
      <wbsNode name='ITL' id='6447091' type='High Level Design Document' indentLevel='2'>
        <attr name='Added-HLD Pages (Top Down)' value='2.0'/>
      </wbsNode>
      <wbsNode name='Conceptual Design' id='6447092' type='Detailed Design Document' indentLevel='2'>
        <attr name='PC-Time (Top Down)' value='0.0'/>
        <attr name='FF-Time (Top Down)' value='0.0'/>
        <attr name='Added-DLD Lines (Top Down)' value='2.0'/>
      </wbsNode>
      <wbsNode name='Manual GIT' id='6447102' type='General Document' indentLevel='2'>
        <attr name='Added-Text Pages (Top Down)' value='4.0'/>
      </wbsNode>
      <wbsNode name='Manual DashBoard' id='6447103' type='Component' indentLevel='2'/>
        <wbsNode name='Equipo' id='6447105' type='General Document' indentLevel='3'>
          <attr name='Added-Text Pages (Top Down)' value='1.0'/>
        </wbsNode>
        <wbsNode name='Lider' id='6447106' type='General Document' indentLevel='3'>
          <attr name='Added-Text Pages (Top Down)' value='3.0'/>
        </wbsNode>
        <wbsNode name='Programador' id='6447107' type='General Document' indentLevel='3'>
          <attr name='Added-Text Pages (Top Down)' value='2.0'/>
        </wbsNode>
      <wbsNode name='Configuracion DashBoard' id='6447104' type='General Document' indentLevel='2'>
        <attr name='Added-Text Pages (Top Down)' value='3.0'/>
      </wbsNode>
      <wbsNode name='Configuracion GIT' id='6447109' type='General Document' indentLevel='2'>
        <attr name='Added-Text Pages (Top Down)' value='2.0'/>
      </wbsNode>
    <wbsNode name='Planning1' id='6447078' type='Component' indentLevel='1' expanded='true'>
      <attr name='Milestone' value='5279792'/>
      <attr name='Time Per Person' value='0.0'/>
    </wbsNode>
      <wbsNode name='PLAN1' id='6447094' type='High Level Design Document' indentLevel='2'>
        <attr name='Added-HLD Pages (Top Down)' value='2.0'/>
        <attr name='Time Per Person' value='0.0'/>
      </wbsNode>
      <wbsNode name='SUMP' id='6447095' type='High Level Design Document' indentLevel='2'>
        <attr name='Added-HLD Pages (Top Down)' value='2.0'/>
      </wbsNode>
      <wbsNode name='SUMQ' id='6447096' type='High Level Design Document' indentLevel='2'>
        <attr name='Added-Req Pages (Top Down)' value='2.0'/>
        <attr name='Added-HLD Pages (Top Down)' value='2.0'/>
      </wbsNode>
      <wbsNode name='SUMTASK' id='6447097' type='High Level Design Document' indentLevel='2'>
        <attr name='Added-HLD Pages (Top Down)' value='2.0'/>
      </wbsNode>
      <wbsNode name='SUMS' id='6447098' type='High Level Design Document' indentLevel='2'>
        <attr name='Added-HLD Pages (Top Down)' value='2.0'/>
      </wbsNode>
      <wbsNode name='TASK' id='6447100' type='High Level Design Document' indentLevel='2'>
        <attr name='Added-HLD Pages (Top Down)' value='4.0'/>
      </wbsNode>
      <wbsNode name='SCHEDULE' id='6447101' type='High Level Design Document' indentLevel='2'>
        <attr name='Added-HLD Pages (Top Down)' value='4.0'/>
      </wbsNode>
    <wbsNode name='Design' id='6447079' type='Design Task' indentLevel='1'>
      <attr name='Time Per Person' value='0.0'/>
      <attr name='Misc Size' value='12.0'/>
    </wbsNode>
    <wbsNode name='Design Review' id='6447080' type='Design Review Task' indentLevel='1'>
      <attr name='Time Per Person' value='0.0'/>
      <attr name='Misc Size' value='8.0'/>
    </wbsNode>
    <wbsNode name='Code' id='6447081' type='Code Task' indentLevel='1' expanded='true'>
      <attr name='Time Per Person' value='0.0'/>
    </wbsNode>
      <wbsNode name='ProgramComparatorGUI' id='6447062' type='Software Component' indentLevel='2' expanded='true'>
        <attr name='Added-LOC (Top Down)' value='500.0'/>
      </wbsNode>
      <wbsNode name='ProgramComparatorFacade' id='6447063' type='Software Component' indentLevel='2'>
        <attr name='Added-LOC (Top Down)' value='20.0'/>
      </wbsNode>
      <wbsNode name='ProgramComparator' id='6447064' type='Software Component' indentLevel='2'>
        <attr name='Added-LOC (Top Down)' value='100.0'/>
      </wbsNode>
      <wbsNode name='FileComparator' id='6447065' type='Software Component' indentLevel='2'>
        <attr name='Added-LOC (Top Down)' value='20.0'/>
      </wbsNode>
      <wbsNode name='JavaFileComparator' id='6447067' type='Software Component' indentLevel='2'>
        <attr name='Added-LOC (Top Down)' value='700.0'/>
      </wbsNode>
      <wbsNode name='CPlusPlusComparator' id='6447066' type='Software Component' indentLevel='2'>
        <attr name='Added-LOC (Top Down)' value='700.0'/>
      </wbsNode>
      <wbsNode name='CSharpComparator' id='6447068' type='Software Component' indentLevel='2'>
        <attr name='Added-LOC (Top Down)' value='700.0'/>
      </wbsNode>
      <wbsNode name='ProgramLoader' id='6447069' type='Software Component' indentLevel='2'>
        <attr name='Added-LOC (Top Down)' value='50.0'/>
      </wbsNode>
      <wbsNode name='FileLoader' id='6447070' type='Software Component' indentLevel='2'>
        <attr name='Added-LOC (Top Down)' value='50.0'/>
      </wbsNode>
      <wbsNode name='VersionManager' id='6447071' type='Software Component' indentLevel='2'>
        <attr name='Added-LOC (Top Down)' value='50.0'/>
      </wbsNode>
      <wbsNode name='VersionFileManager' id='6447072' type='Software Component' indentLevel='2'>
        <attr name='Added-LOC (Top Down)' value='50.0'/>
      </wbsNode>
      <wbsNode name='ProgramVersion' id='6447073' type='Software Component' indentLevel='2'>
        <attr name='Added-LOC (Top Down)' value='150.0'/>
      </wbsNode>
      <wbsNode name='ProgramPart' id='6447074' type='Software Component' indentLevel='2'>
        <attr name='Added-LOC (Top Down)' value='50.0'/>
      </wbsNode>
      <wbsNode name='ProgramPartVersion' id='6447075' type='Software Component' indentLevel='2'>
        <attr name='Added-LOC (Top Down)' value='50.0'/>
      </wbsNode>
      <wbsNode name='LineLabel' id='6447076' type='Software Component' indentLevel='2'>
        <attr name='Added-LOC (Top Down)' value='50.0'/>
      </wbsNode>
      <wbsNode name='UnitTest' id='6447077' type='Software Component' indentLevel='2'>
        <attr name='Added-LOC (Top Down)' value='440.0'/>
      </wbsNode>
      <wbsNode name='Otros' id='6447160' type='Software Component' indentLevel='2'>
        <attr name='Added-LOC (Top Down)' value='150.0'/>
      </wbsNode>
    <wbsNode name='Code Review' id='6447082' type='Code Review Task' indentLevel='1'>
      <attr name='Time Per Person' value='0.0'/>
    </wbsNode>
    <wbsNode name='Test' id='6447083' type='Test Task' indentLevel='1'>
      <attr name='Time Per Person' value='0.0'/>
    </wbsNode>
    <wbsNode name='Postmortem' id='6447084' type='Postmortem Task' indentLevel='1'>
      <attr name='Milestone' value='5279793'/>
      <attr name='Time Per Person' value='0.0'/>
    </wbsNode>
    <wbsNode name='Lanzamiento2' id='6447112' type='Component' indentLevel='1'>
      <attr name='Milestone' value='5279795'/>
      <attr name='Time Per Person' value='0.0'/>
    </wbsNode>
      <wbsNode name='InfoForm' id='6447113' type='General Document' indentLevel='2' expanded='true'>
        <attr name='Added-Text Pages (Top Down)' value='3.0'/>
      </wbsNode>
      <wbsNode name='WeekForm' id='6447114' type='General Document' indentLevel='2' expanded='true'>
        <attr name='Added-Text Pages (Top Down)' value='1.0'/>
      </wbsNode>
      <wbsNode name='ProjectCha' id='6447115' type='General Document' indentLevel='2' expanded='true'>
        <attr name='Added-Text Pages (Top Down)' value='5.0'/>
      </wbsNode>
    <wbsNode name='Estrategia2' id='6447116' type='Component' indentLevel='1'>
      <attr name='Milestone' value='5279797'/>
    </wbsNode>
      <wbsNode name='STRAT' id='6447117' type='General Document' indentLevel='2'/>
      <wbsNode name='ITL' id='6447118' type='General Document' indentLevel='2'/>
      <wbsNode name='Conceptual Design' id='6447119' type='High Level Design Document' indentLevel='2'/>
      <wbsNode name='Manual GIT' id='6447120' type='Requirements Document' indentLevel='2'/>
      <wbsNode name='Manual DashBoard' id='6447121' type='Requirements Document' indentLevel='2' expanded='true'/>
        <wbsNode name='Equipo' id='6447122' type='Requirements Document' indentLevel='3'/>
        <wbsNode name='Lider' id='6447123' type='Requirements Document' indentLevel='3'/>
        <wbsNode name='Programador' id='6447124' type='Requirements Document' indentLevel='3'/>
      <wbsNode name='Configuracion DashBoard' id='6447125' type='Requirements Document' indentLevel='2'/>
      <wbsNode name='Configuracion GIT' id='6447126' type='Requirements Document' indentLevel='2'/>
    <wbsNode name='Planning2' id='6447127' type='Component' indentLevel='1'>
      <attr name='Milestone' value='5279798'/>
      <attr name='Time Per Person' value='0.0'/>
    </wbsNode>
      <wbsNode name='PLAN2' id='6447128' type='General Document' indentLevel='2'>
        <attr name='Time Per Person' value='0.0'/>
      </wbsNode>
      <wbsNode name='SUMP' id='6447129' type='General Document' indentLevel='2'/>
      <wbsNode name='SUMQ' id='6447130' type='General Document' indentLevel='2'/>
      <wbsNode name='SUMTASK' id='6447131' type='General Document' indentLevel='2'/>
      <wbsNode name='SUMS' id='6447132' type='General Document' indentLevel='2'/>
      <wbsNode name='TASK' id='6447133' type='General Document' indentLevel='2'/>
      <wbsNode name='SCHEDULE' id='6447134' type='General Document' indentLevel='2'/>
    <wbsNode name='Design2' id='6447135' type='Design Task' indentLevel='1'>
      <attr name='Time Per Person' value='0.0'/>
    </wbsNode>
    <wbsNode name='Design Review2' id='6447136' type='Design Review Task' indentLevel='1'>
      <attr name='Time Per Person' value='0.0'/>
    </wbsNode>
    <wbsNode name='Code2' id='6447137' type='Code Task' indentLevel='1' expanded='true'>
      <attr name='Time Per Person' value='0.0'/>
    </wbsNode>
    <wbsNode name='Code Review2' id='6447155' type='Code Review Task' indentLevel='1'>
      <attr name='Time Per Person' value='0.0'/>
    </wbsNode>
    <wbsNode name='Test2' id='6447156' type='Test Task' indentLevel='1'>
      <attr name='Time Per Person' value='0.0'/>
    </wbsNode>
    <wbsNode name='Postmortem2' id='6447157' type='Postmortem Task' indentLevel='1'>
      <attr name='Milestone' value='5279799'/>
      <attr name='Time Per Person' value='0.0'/>
    </wbsNode>
</wbsModel>
