<?xml version="1.0" encoding="UTF-8"?><changeHistory><change uid="ht77chwb-44te" user="Various individuals"/><change uid="ht77ess4-uxp6" user="Carlos Felipe Roa"/><change uid="ht77u8iu-ill9" user="Carlos Felipe Roa"/><change uid="ht7aw61y-s86g" user="Carlos Felipe Roa"/><change uid="ht7lh8w6-r09v" user="Carlos Felipe Roa"/><change uid="ht88649h-k7h5" user="Carlos Felipe Roa"/><change uid="ht88g1mv-saxe" user="Carlos Felipe Roa"/><change uid="ht892f7v-a3ba" user="Carlos Felipe Roa"/><change uid="ht892qf2-ccat" user="Carlos Felipe Roa"/><change uid="ht8a20nr-14d5" user="Carlos Felipe Roa"/><change uid="ht91rg6p-6cii" user="Carlos Felipe Roa"/><change uid="ht92np1m-v53t" user="Carlos Felipe Roa"/><change uid="ht99yhky-4gmg" user="Carlos Felipe Roa"/><change uid="htcayqfv-467z" user="Carlos Felipe Roa"/><change uid="htdfq2l1-cnlz" user="Carlos Felipe Roa"/></changeHistory>