<wbsModel>
  <wbsNode name='ChangeCounter' id='13566533' type='Project' indentLevel='0' expanded='true'>
    <attr name='createdWithVersion' value='4.0.0'/>
    <attr name='Milestone' value='11867033'/>
  </wbsNode>
    <wbsNode name='Ciclo1' id='13566456' type='Component' indentLevel='1'>
      <attr name='Milestone' value='-1'/>
      <attr name='Time Per Person' value='0.0'/>
    </wbsNode>
      <wbsNode name='Launch' id='13566459' type='Misc Task' indentLevel='2'>
        <attr name='Notes Author' value='Carlos Felipe Roa'/>
        <attr name='Time Per Person' value='0.0'/>
        <attr name='Notes' value='PSP Course, &#10;Chapter 1,2,3 and Appe A'/>
        <attr name='Notes Timestamp' value='1395757122696'/>
      </wbsNode>
        <wbsNode name='INFOForm' id='13566467' type='Misc Task' indentLevel='3' expanded='true'>
          <attr name='Time Per Person' value='0.0'/>
        </wbsNode>
        <wbsNode name='ProyectCharter' id='13566468' type='Misc Task' indentLevel='3' expanded='true'>
          <attr name='Time Per Person' value='0.0'/>
        </wbsNode>
        <wbsNode name='WeekForm' id='13566469' type='Misc Task' indentLevel='3' expanded='true'>
          <attr name='Time Per Person' value='0.0'/>
        </wbsNode>
      <wbsNode name='Strategy' id='13566466' type='Strategy Task' indentLevel='2'>
        <attr name='Notes Author' value='Carlos Felipe Roa'/>
        <attr name='Time Per Person' value='0.0'/>
        <attr name='Dependencies' value='ht77arzq:13566459'/>
        <attr name='Notes' value='Chapter 4'/>
        <attr name='Dependency Name 0' value='/ChangeCounter/Ciclo1/Launch'/>
        <attr name='Notes Timestamp' value='1395755508561'/>
      </wbsNode>
        <wbsNode name='Conceptual Desing' id='13566473' type='Strategy Task' indentLevel='3' expanded='true'>
          <attr name='Time Per Person' value='0.0'/>
        </wbsNode>
        <wbsNode name='ITL' id='13566471' type='Strategy Task' indentLevel='3' expanded='true'>
          <attr name='Time Per Person' value='0.0'/>
        </wbsNode>
        <wbsNode name='STRAT' id='13566472' type='Strategy Task' indentLevel='3' expanded='true'>
          <attr name='Time Per Person' value='0.0'/>
        </wbsNode>
      <wbsNode name='Planning' id='13566460' type='Planning Task' indentLevel='2'>
        <attr name='Notes Author' value='Carlos Felipe Roa'/>
        <attr name='Time Per Person' value='0.0'/>
        <attr name='Dependencies' value='ht77arzq:13566466'/>
        <attr name='Notes' value='Chapter 5'/>
        <attr name='Dependency Name 0' value='/ChangeCounter/Ciclo1/Strategy'/>
        <attr name='Notes Timestamp' value='1395757115601'/>
      </wbsNode>
        <wbsNode name='SUMS' id='13566490' type='Planning Task' indentLevel='3' expanded='true'>
          <attr name='Time Per Person' value='0.0'/>
        </wbsNode>
        <wbsNode name='TASK' id='13566491' type='Planning Task' indentLevel='3' expanded='true'>
          <attr name='Time Per Person' value='0.0'/>
        </wbsNode>
        <wbsNode name='SCHEDULE' id='13566492' type='Planning Task' indentLevel='3' expanded='true'>
          <attr name='Time Per Person' value='0.0'/>
        </wbsNode>
        <wbsNode name='SUMQ' id='13566493' type='Planning Task' indentLevel='3' expanded='true'>
          <attr name='Time Per Person' value='0.0'/>
        </wbsNode>
        <wbsNode name='Personal TASK' id='13566494' type='Planning Task' indentLevel='3' expanded='true'>
          <attr name='Time Per Person' value='0.0'/>
        </wbsNode>
        <wbsNode name='Personal SCHEDULE' id='13566495' type='Planning Task' indentLevel='3' expanded='true'>
          <attr name='Time Per Person' value='0.0'/>
        </wbsNode>
        <wbsNode name='Balance TASK' id='13566496' type='Planning Task' indentLevel='3' expanded='true'>
          <attr name='Time Per Person' value='0.0'/>
        </wbsNode>
        <wbsNode name='Balance SCHEDULE' id='13566497' type='Planning Task' indentLevel='3' expanded='true'>
          <attr name='Time Per Person' value='0.0'/>
        </wbsNode>
      <wbsNode name='Reqts' id='13566461' type='Reqts Task' indentLevel='2'>
        <attr name='Notes Author' value='Carlos Felipe Roa'/>
        <attr name='Time Per Person' value='0.0'/>
        <attr name='Dependencies' value='ht77arzq:13566460'/>
        <attr name='Notes' value='Chapter 6, Chapter 9, Need statement'/>
        <attr name='Dependency Name 0' value='/ChangeCounter/Ciclo1/Planning'/>
        <attr name='Notes Timestamp' value='1395758192104'/>
      </wbsNode>
        <wbsNode name='Reqts Review' id='13566475' type='Reqts Review Task' indentLevel='3' expanded='true'>
          <attr name='Notes Author' value='Carlos Felipe Roa'/>
          <attr name='Time Per Person' value='0.0'/>
          <attr name='Notes Timestamp' value='1395758185901'/>
        </wbsNode>
        <wbsNode name='SRS' id='13566499' type='Reqts Review Task' indentLevel='3' expanded='true'>
          <attr name='Time Per Person' value='0.0'/>
        </wbsNode>
        <wbsNode name='Reqts Inspect' id='13566476' type='Reqts Inspect Task' indentLevel='3' expanded='true'>
          <attr name='Notes Author' value='Carlos Felipe Roa'/>
          <attr name='Time Per Person' value='0.0'/>
          <attr name='Notes Timestamp' value='1395758177666'/>
        </wbsNode>
        <wbsNode name='Sys Test Plan' id='13566498' type='Sys Test Plan Task' indentLevel='3' expanded='true'>
          <attr name='Time Per Person' value='0.0'/>
        </wbsNode>
        <wbsNode name='INS' id='13566503' type='Sys Test Plan Task' indentLevel='3' expanded='true'>
          <attr name='Time Per Person' value='0.0'/>
        </wbsNode>
        <wbsNode name='CCR' id='13566504' type='Sys Test Plan Task' indentLevel='3' expanded='true'>
          <attr name='Time Per Person' value='0.0'/>
        </wbsNode>
      <wbsNode name='HLD' id='13566477' type='HLD Task' indentLevel='2'>
        <attr name='Notes Author' value='Carlos Felipe Roa'/>
        <attr name='Time Per Person' value='0.0'/>
        <attr name='Dependencies' value='ht77arzq:13566461'/>
        <attr name='Notes' value='Chapter 7'/>
        <attr name='Dependency Name 0' value='/ChangeCounter/Ciclo1/Reqts'/>
        <attr name='Notes Timestamp' value='1395772482073'/>
      </wbsNode>
        <wbsNode name='Design Standards' id='13566505' type='HLD Task' indentLevel='3' expanded='true'>
          <attr name='Time Per Person' value='0.0'/>
        </wbsNode>
        <wbsNode name='Reuse Standards' id='13566506' type='HLD Task' indentLevel='3'>
          <attr name='Time Per Person' value='0.0'/>
        </wbsNode>
          <wbsNode name='Interface' id='13566507' type='HLD Task' indentLevel='4' expanded='true'>
            <attr name='Time Per Person' value='0.0'/>
          </wbsNode>
          <wbsNode name='Documentation' id='13566508' type='HLD Task' indentLevel='4' expanded='true'>
            <attr name='Time Per Person' value='0.0'/>
          </wbsNode>
        <wbsNode name='Int Test Plan' id='13566478' type='Int Test Plan Task' indentLevel='3' expanded='true'>
          <attr name='Time Per Person' value='0.0'/>
        </wbsNode>
        <wbsNode name='Design' id='13566462' type='Design Task' indentLevel='3' expanded='true'>
          <attr name='Time Per Person' value='0.0'/>
        </wbsNode>
        <wbsNode name='SDS' id='13566510' type='Design Task' indentLevel='3' expanded='true'>
          <attr name='Time Per Person' value='0.0'/>
        </wbsNode>
        <wbsNode name='INS' id='13566512' type='Design Task' indentLevel='3' expanded='true'>
          <attr name='Time Per Person' value='0.0'/>
        </wbsNode>
        <wbsNode name='LOGD' id='13566513' type='Design Task' indentLevel='3' expanded='true'>
          <attr name='Time Per Person' value='0.0'/>
        </wbsNode>
        <wbsNode name='SUMP' id='13566514' type='Design Task' indentLevel='3' expanded='true'>
          <attr name='Time Per Person' value='0.0'/>
        </wbsNode>
        <wbsNode name='SUMQ' id='13566515' type='Design Task' indentLevel='3' expanded='true'>
          <attr name='Time Per Person' value='0.0'/>
        </wbsNode>
        <wbsNode name='HLD Inspect' id='13566479' type='HLD Inspect Task' indentLevel='3' expanded='true'>
          <attr name='Time Per Person' value='0.0'/>
        </wbsNode>
        <wbsNode name='Design Review' id='13566481' type='Design Review Task' indentLevel='3' expanded='true'>
          <attr name='Time Per Person' value='0.0'/>
        </wbsNode>
        <wbsNode name='Test Devel' id='13566482' type='Test Devel Task' indentLevel='3' expanded='true'>
          <attr name='Time Per Person' value='0.0'/>
          <attr name='Dependencies' value='ht77arzq:13566477'/>
          <attr name='Dependency Name 0' value='/ChangeCounter/Ciclo1/HLD'/>
        </wbsNode>
        <wbsNode name='Design Inspect' id='13566483' type='Design Inspect Task' indentLevel='3' expanded='true'>
          <attr name='Time Per Person' value='0.0'/>
          <attr name='Dependencies' value='ht77arzq:13566482'/>
          <attr name='Dependency Name 0' value='/ChangeCounter/Ciclo1/Test Devel'/>
        </wbsNode>
      <wbsNode name='Code' id='13566463' type='Code Task' indentLevel='2'>
        <attr name='Notes Author' value='Carlos Felipe Roa'/>
        <attr name='Time Per Person' value='0.0'/>
        <attr name='Dependencies' value='ht77arzq:13566477'/>
        <attr name='Notes' value='Chapter 8&#10;PSP2.1 PSP3.0'/>
        <attr name='Dependency Name 0' value='/ChangeCounter/Ciclo1/HLD'/>
        <attr name='Notes Timestamp' value='1395774961236'/>
      </wbsNode>
        <wbsNode name='Implementation Standards' id='13566517' type='Code Task' indentLevel='3' expanded='true'>
          <attr name='Time Per Person' value='0.0'/>
        </wbsNode>
        <wbsNode name='Implementation' id='13566518' type='Code Task' indentLevel='3' expanded='true'>
          <attr name='Time Per Person' value='0.0'/>
        </wbsNode>
        <wbsNode name='Code Review' id='13566484' type='Code Review Task' indentLevel='3' expanded='true'>
          <attr name='Time Per Person' value='0.0'/>
        </wbsNode>
        <wbsNode name='Code Inspect' id='13566485' type='Code Inspect Task' indentLevel='3' expanded='true'>
          <attr name='Time Per Person' value='0.0'/>
        </wbsNode>
        <wbsNode name='SUMP' id='13566519' type='Code Inspect Task' indentLevel='3' expanded='true'>
          <attr name='Time Per Person' value='0.0'/>
        </wbsNode>
        <wbsNode name='SUMQ' id='13566520' type='Code Inspect Task' indentLevel='3' expanded='true'>
          <attr name='Time Per Person' value='0.0'/>
        </wbsNode>
        <wbsNode name='LOGD' id='13566521' type='Code Inspect Task' indentLevel='3' expanded='true'>
          <attr name='Time Per Person' value='0.0'/>
        </wbsNode>
        <wbsNode name='LOGT' id='13566522' type='Code Inspect Task' indentLevel='3' expanded='true'>
          <attr name='Time Per Person' value='0.0'/>
        </wbsNode>
        <wbsNode name='Unit Test' id='13566524' type='Test Task' indentLevel='3' expanded='true'>
          <attr name='Time Per Person' value='0.0'/>
        </wbsNode>
      <wbsNode name='Test' id='13566487' type='Test Task' indentLevel='2'>
        <attr name='Notes Author' value='Carlos Felipe Roa'/>
        <attr name='Time Per Person' value='0.0'/>
        <attr name='Dependencies' value='ht77arzq:13566463'/>
        <attr name='Notes' value='Chapter 9'/>
        <attr name='Dependency Name 0' value='/ChangeCounter/Ciclo1/Code'/>
        <attr name='Notes Timestamp' value='1395775197299'/>
      </wbsNode>
        <wbsNode name='Sys Test' id='13566488' type='Sys Test Task' indentLevel='3' expanded='true'>
          <attr name='Time Per Person' value='0.0'/>
          <attr name='Dependencies' value='ht77arzq:13566464'/>
          <attr name='Dependency Name 0' value='/ChangeCounter/Ciclo1/Int Test'/>
        </wbsNode>
        <wbsNode name='Int Test' id='13566464' type='Int Test Task' indentLevel='3' expanded='true'>
          <attr name='Time Per Person' value='0.0'/>
          <attr name='Dependencies' value='ht77arzq:13566487'/>
          <attr name='Dependency Name 0' value='/ChangeCounter/Ciclo1/Test'/>
        </wbsNode>
        <wbsNode name='LOGTEST' id='13566525' type='Int Test Task' indentLevel='3' expanded='true'>
          <attr name='Time Per Person' value='0.0'/>
        </wbsNode>
      <wbsNode name='Documentation' id='13566489' type='Documentation Task' indentLevel='2'>
        <attr name='Time Per Person' value='0.0'/>
      </wbsNode>
        <wbsNode name='Design' id='13566526' type='Documentation Task' indentLevel='3' expanded='true'>
          <attr name='Time Per Person' value='0.0'/>
        </wbsNode>
        <wbsNode name='OutLine' id='13566527' type='Documentation Task' indentLevel='3' expanded='true'>
          <attr name='Time Per Person' value='0.0'/>
        </wbsNode>
        <wbsNode name='Review' id='13566528' type='Documentation Task' indentLevel='3' expanded='true'>
          <attr name='Time Per Person' value='0.0'/>
        </wbsNode>
      <wbsNode name='Postmortem' id='13566465' type='Postmortem Task' indentLevel='2'>
        <attr name='Notes Author' value='Carlos Felipe Roa'/>
        <attr name='Time Per Person' value='0.0'/>
        <attr name='Dependencies' value='ht77arzq:13566487'/>
        <attr name='Notes' value='Chapter 10,16,17,18'/>
        <attr name='Dependency Name 0' value='/ChangeCounter/Ciclo1/Test'/>
        <attr name='Notes Timestamp' value='1395775654586'/>
      </wbsNode>
        <wbsNode name='PEER' id='13566501' type='Postmortem Task' indentLevel='3' expanded='true'>
          <attr name='Time Per Person' value='0.0'/>
        </wbsNode>
        <wbsNode name='PIP' id='13566502' type='Postmortem Task' indentLevel='3' expanded='true'>
          <attr name='Time Per Person' value='0.0'/>
        </wbsNode>
        <wbsNode name='Cycle Report' id='13566529' type='Postmortem Task' indentLevel='3' expanded='true'>
          <attr name='Time Per Person' value='0.0'/>
        </wbsNode>
        <wbsNode name='Role Report' id='13566530' type='Postmortem Task' indentLevel='3' expanded='true'>
          <attr name='Time Per Person' value='0.0'/>
        </wbsNode>
        <wbsNode name='Engineer Report' id='13566531' type='Postmortem Task' indentLevel='3' expanded='true'>
          <attr name='Time Per Person' value='0.0'/>
        </wbsNode>
</wbsModel>
