<wbsModel>
  <wbsNode name='ChangeCounter' id='13566503' type='Project' indentLevel='0' expanded='true'>
    <attr name='createdWithVersion' value='4.0.0'/>
    <attr name='Milestone' value='11867033'/>
  </wbsNode>
    <wbsNode name='Ciclo1' id='13566456' type='Component' indentLevel='1' expanded='true'>
      <attr name='Milestone' value='11867034'/>
      <attr name='Time Per Person' value='0.0'/>
    </wbsNode>
      <wbsNode name='Launch' id='13566459' type='Misc Task' indentLevel='2'>
        <attr name='Notes Author' value='Carlos Felipe Roa'/>
        <attr name='Milestone' value='11867037'/>
        <attr name='Time Per Person' value='0.0'/>
        <attr name='Notes' value='PSP Course, &#10;Chapter 1,2,3 and Appe A'/>
        <attr name='Notes Timestamp' value='1395757122696'/>
      </wbsNode>
        <wbsNode name='INFOForm' id='13566467' type='Misc Task' indentLevel='3' expanded='true'>
          <attr name='Time Per Person' value='0.0'/>
        </wbsNode>
        <wbsNode name='ProyectCharter' id='13566468' type='Misc Task' indentLevel='3' expanded='true'>
          <attr name='Time Per Person' value='0.0'/>
        </wbsNode>
        <wbsNode name='WeekForm' id='13566469' type='Misc Task' indentLevel='3' expanded='true'>
          <attr name='Time Per Person' value='0.0'/>
        </wbsNode>
      <wbsNode name='Strategy' id='13566466' type='Strategy Task' indentLevel='2'>
        <attr name='Notes Author' value='Carlos Felipe Roa'/>
        <attr name='Time Per Person' value='0.0'/>
        <attr name='Dependencies' value='ht77arzq:13566459'/>
        <attr name='Notes' value='Chapter 4'/>
        <attr name='Dependency Name 0' value='/ChangeCounter/Ciclo1/Launch'/>
        <attr name='Notes Timestamp' value='1395755508561'/>
      </wbsNode>
        <wbsNode name='Conceptual Desing' id='13566473' type='Strategy Task' indentLevel='3' expanded='true'>
          <attr name='Time Per Person' value='0.0'/>
        </wbsNode>
        <wbsNode name='ITL' id='13566471' type='Strategy Task' indentLevel='3' expanded='true'>
          <attr name='Time Per Person' value='0.0'/>
        </wbsNode>
        <wbsNode name='STRAT' id='13566472' type='Strategy Task' indentLevel='3' expanded='true'>
          <attr name='Time Per Person' value='0.0'/>
        </wbsNode>
      <wbsNode name='Planning' id='13566460' type='Planning Task' indentLevel='2'>
        <attr name='Notes Author' value='Carlos Felipe Roa'/>
        <attr name='Time Per Person' value='0.0'/>
        <attr name='Dependencies' value='ht77arzq:13566466'/>
        <attr name='Notes' value='Chapter 5'/>
        <attr name='Dependency Name 0' value='/ChangeCounter/Ciclo1/Strategy'/>
        <attr name='Notes Timestamp' value='1395757115601'/>
      </wbsNode>
        <wbsNode name='SUMS' id='13566490' type='Planning Task' indentLevel='3' expanded='true'>
          <attr name='Time Per Person' value='0.0'/>
        </wbsNode>
        <wbsNode name='TASK' id='13566491' type='Planning Task' indentLevel='3' expanded='true'>
          <attr name='Time Per Person' value='0.0'/>
        </wbsNode>
        <wbsNode name='SCHEDULE' id='13566492' type='Planning Task' indentLevel='3' expanded='true'>
          <attr name='Time Per Person' value='0.0'/>
        </wbsNode>
        <wbsNode name='SUMQ' id='13566493' type='Planning Task' indentLevel='3' expanded='true'>
          <attr name='Time Per Person' value='0.0'/>
        </wbsNode>
        <wbsNode name='Personal TASK' id='13566494' type='Planning Task' indentLevel='3' expanded='true'>
          <attr name='Time Per Person' value='0.0'/>
        </wbsNode>
        <wbsNode name='Personal SCHEDULE' id='13566495' type='Planning Task' indentLevel='3' expanded='true'>
          <attr name='Time Per Person' value='0.0'/>
        </wbsNode>
        <wbsNode name='Balance TASK' id='13566496' type='Planning Task' indentLevel='3' expanded='true'>
          <attr name='Time Per Person' value='0.0'/>
        </wbsNode>
        <wbsNode name='Balance SCHEDULE' id='13566497' type='Planning Task' indentLevel='3' expanded='true'>
          <attr name='Time Per Person' value='0.0'/>
        </wbsNode>
      <wbsNode name='Reqts' id='13566461' type='Reqts Task' indentLevel='2'>
        <attr name='Notes Author' value='Carlos Felipe Roa'/>
        <attr name='Time Per Person' value='0.0'/>
        <attr name='Dependencies' value='ht77arzq:13566460'/>
        <attr name='Notes' value='Chapter 6, Chapter 9, Need statement'/>
        <attr name='Dependency Name 0' value='/ChangeCounter/Ciclo1/Planning'/>
        <attr name='Notes Timestamp' value='1395758192104'/>
      </wbsNode>
        <wbsNode name='Reqts Review' id='13566475' type='Reqts Review Task' indentLevel='3' expanded='true'>
          <attr name='Notes Author' value='Carlos Felipe Roa'/>
          <attr name='Time Per Person' value='0.0'/>
          <attr name='Notes Timestamp' value='1395758185901'/>
        </wbsNode>
        <wbsNode name='SRS' id='13566499' type='Reqts Review Task' indentLevel='3' expanded='true'>
          <attr name='Time Per Person' value='0.0'/>
        </wbsNode>
        <wbsNode name='Reqts Inspect' id='13566476' type='Reqts Inspect Task' indentLevel='3' expanded='true'>
          <attr name='Notes Author' value='Carlos Felipe Roa'/>
          <attr name='Time Per Person' value='0.0'/>
          <attr name='Notes Timestamp' value='1395758177666'/>
        </wbsNode>
        <wbsNode name='Sys Test Plan' id='13566498' type='Sys Test Plan Task' indentLevel='3' expanded='true'>
          <attr name='Time Per Person' value='0.0'/>
        </wbsNode>
      <wbsNode name='HLD' id='13566477' type='HLD Task' indentLevel='2' expanded='true'>
        <attr name='Time Per Person' value='0.0'/>
        <attr name='Dependencies' value='ht77arzq:13566461'/>
        <attr name='Dependency Name 0' value='/ChangeCounter/Ciclo1/Reqts'/>
      </wbsNode>
      <wbsNode name='Int Test Plan' id='13566478' type='Int Test Plan Task' indentLevel='2' expanded='true'>
        <attr name='Time Per Person' value='0.0'/>
        <attr name='Dependencies' value='ht77arzq:13566477'/>
        <attr name='Dependency Name 0' value='/ChangeCounter/Ciclo1/HLD'/>
      </wbsNode>
      <wbsNode name='HLD Inspect' id='13566479' type='HLD Inspect Task' indentLevel='2' expanded='true'>
        <attr name='Time Per Person' value='0.0'/>
        <attr name='Dependencies' value='ht77arzq:13566478'/>
        <attr name='Dependency Name 0' value='/ChangeCounter/Ciclo1/Int Test Plan'/>
      </wbsNode>
      <wbsNode name='Design' id='13566462' type='Design Task' indentLevel='2' expanded='true'>
        <attr name='Time Per Person' value='0.0'/>
        <attr name='Dependencies' value='ht77arzq:13566479'/>
        <attr name='Dependency Name 0' value='/ChangeCounter/Ciclo1/HLD Inspect'/>
      </wbsNode>
      <wbsNode name='Design Review' id='13566481' type='Design Review Task' indentLevel='2' expanded='true'>
        <attr name='Time Per Person' value='0.0'/>
        <attr name='Dependencies' value='ht77arzq:13566462'/>
        <attr name='Dependency Name 0' value='/ChangeCounter/Ciclo1/Design'/>
      </wbsNode>
      <wbsNode name='Test Devel' id='13566482' type='Test Devel Task' indentLevel='2' expanded='true'>
        <attr name='Time Per Person' value='0.0'/>
        <attr name='Dependencies' value='ht77arzq:13566481'/>
        <attr name='Dependency Name 0' value='/ChangeCounter/Ciclo1/Design Review'/>
      </wbsNode>
      <wbsNode name='Design Inspect' id='13566483' type='Design Inspect Task' indentLevel='2' expanded='true'>
        <attr name='Time Per Person' value='0.0'/>
        <attr name='Dependencies' value='ht77arzq:13566482'/>
        <attr name='Dependency Name 0' value='/ChangeCounter/Ciclo1/Test Devel'/>
      </wbsNode>
      <wbsNode name='Code' id='13566463' type='Code Task' indentLevel='2' expanded='true'>
        <attr name='Time Per Person' value='0.0'/>
        <attr name='Dependencies' value='ht77arzq:13566483'/>
        <attr name='Dependency Name 0' value='/ChangeCounter/Ciclo1/Design Inspect'/>
      </wbsNode>
      <wbsNode name='Code Review' id='13566484' type='Code Review Task' indentLevel='2' expanded='true'>
        <attr name='Time Per Person' value='0.0'/>
        <attr name='Dependencies' value='ht77arzq:13566463'/>
        <attr name='Dependency Name 0' value='/ChangeCounter/Ciclo1/Code'/>
      </wbsNode>
      <wbsNode name='Code Inspect' id='13566485' type='Code Inspect Task' indentLevel='2' expanded='true'>
        <attr name='Time Per Person' value='0.0'/>
        <attr name='Dependencies' value='ht77arzq:13566484'/>
        <attr name='Dependency Name 0' value='/ChangeCounter/Ciclo1/Code Review'/>
      </wbsNode>
      <wbsNode name='Test' id='13566487' type='Test Task' indentLevel='2' expanded='true'>
        <attr name='Time Per Person' value='0.0'/>
        <attr name='Dependencies' value='ht77arzq:13566485'/>
        <attr name='Dependency Name 0' value='/ChangeCounter/Ciclo1/Code Inspect'/>
      </wbsNode>
      <wbsNode name='Int Test' id='13566464' type='Int Test Task' indentLevel='2' expanded='true'>
        <attr name='Time Per Person' value='0.0'/>
        <attr name='Dependencies' value='ht77arzq:13566487'/>
        <attr name='Dependency Name 0' value='/ChangeCounter/Ciclo1/Test'/>
      </wbsNode>
      <wbsNode name='Sys Test' id='13566488' type='Sys Test Task' indentLevel='2' expanded='true'>
        <attr name='Time Per Person' value='0.0'/>
        <attr name='Dependencies' value='ht77arzq:13566464'/>
        <attr name='Dependency Name 0' value='/ChangeCounter/Ciclo1/Int Test'/>
      </wbsNode>
      <wbsNode name='Documentation' id='13566489' type='Documentation Task' indentLevel='2' expanded='true'>
        <attr name='Time Per Person' value='0.0'/>
      </wbsNode>
      <wbsNode name='Postmortem' id='13566465' type='Postmortem Task' indentLevel='2'>
        <attr name='Notes Author' value='Carlos Felipe Roa'/>
        <attr name='Time Per Person' value='0.0'/>
        <attr name='Dependencies' value='ht77arzq:13566488'/>
        <attr name='Notes' value='Chapter 10'/>
        <attr name='Dependency Name 0' value='/ChangeCounter/Ciclo1/Sys Test'/>
        <attr name='Notes Timestamp' value='1395758766781'/>
      </wbsNode>
        <wbsNode name='PEER' id='13566501' type='Postmortem Task' indentLevel='3' expanded='true'>
          <attr name='Time Per Person' value='0.0'/>
        </wbsNode>
        <wbsNode name='PIP' id='13566502' type='Postmortem Task' indentLevel='3' expanded='true'>
          <attr name='Time Per Person' value='0.0'/>
        </wbsNode>
</wbsModel>
