<wbsModel>
  <wbsNode name='ChangeCounter' id='13566461' type='Project' indentLevel='0' expanded='true'>
    <attr name='createdWithVersion' value='4.0.0'/>
  </wbsNode>
    <wbsNode name='Ciclo1' id='13566456' type='Component' indentLevel='1' expanded='true'>
      <attr name='Time Per Person' value='0.0'/>
    </wbsNode>
      <wbsNode name='Strategy' id='13566459' type='Strategy Task' indentLevel='2' expanded='true'>
        <attr name='Time Per Person' value='0.0'/>
      </wbsNode>
      <wbsNode name='Planning' id='13566460' type='Planning Task' indentLevel='2' expanded='true'>
        <attr name='Time Per Person' value='0.0'/>
      </wbsNode>
</wbsModel>
