<?xml version="1.0" encoding="UTF-8"?>
<custom-process-info
        name="Software System Development"
        fullName="Software System Development"
        version=""
        id="PDSSD">

    

        <phase name="Oversight"
               longName="Project Planning and Oversight"
               type="overhead"
               isDevelopment=""
               isAfterDevelopment=""
               isQuality=""
               isAppraisal=""
               isInspection=""
               isFailure=""
               isOverhead="t"
               isPSP=""
               />

    

        <phase name="Development Env"
               longName="Software Development Environment"
               type="overhead"
               isDevelopment=""
               isAfterDevelopment=""
               isQuality=""
               isAppraisal=""
               isInspection=""
               isFailure=""
               isOverhead="t"
               isPSP=""
               />

    

        <phase name="Planning"
               longName="Detailed Planning"
               type="PLAN"
               isDevelopment=""
               isAfterDevelopment=""
               isQuality=""
               isAppraisal=""
               isInspection=""
               isFailure=""
               isOverhead="t"
               isPSP="t"
               />

    

        <phase name="Sys Reqts"
               longName="System Requirements Analysis"
               type="develop"
               isDevelopment="t"
               isAfterDevelopment=""
               isQuality=""
               isAppraisal=""
               isInspection=""
               isFailure=""
               isOverhead=""
               isPSP=""
               />

    

        <phase name="Sys Reqts Review"
               longName="System Requirements Review"
               type="review"
               isDevelopment=""
               isAfterDevelopment=""
               isQuality="t"
               isAppraisal="t"
               isInspection=""
               isFailure=""
               isOverhead=""
               isPSP=""
               />

    

        <phase name="Sys Reqts Inspect"
               longName="System Requirements Inspection"
               type="insp"
               isDevelopment=""
               isAfterDevelopment=""
               isQuality="t"
               isAppraisal="t"
               isInspection="t"
               isFailure=""
               isOverhead=""
               isPSP=""
               />

    

        <phase name="Sys Test Prep"
               longName="System Test Preparation"
               type="develop"
               isDevelopment="t"
               isAfterDevelopment=""
               isQuality=""
               isAppraisal=""
               isInspection=""
               isFailure=""
               isOverhead=""
               isPSP=""
               />

    

        <phase name="Sys Design"
               longName="System Design"
               type="develop"
               isDevelopment="t"
               isAfterDevelopment=""
               isQuality=""
               isAppraisal=""
               isInspection=""
               isFailure=""
               isOverhead=""
               isPSP=""
               />

    

        <phase name="Sys Design Review"
               longName="System Design Review"
               type="review"
               isDevelopment=""
               isAfterDevelopment=""
               isQuality="t"
               isAppraisal="t"
               isInspection=""
               isFailure=""
               isOverhead=""
               isPSP=""
               />

    

        <phase name="Sys Design Inspect"
               longName="System Design Inspection"
               type="insp"
               isDevelopment=""
               isAfterDevelopment=""
               isQuality="t"
               isAppraisal="t"
               isInspection="t"
               isFailure=""
               isOverhead=""
               isPSP=""
               />

    

        <phase name="SW Reqts"
               longName="Software Requirements Analysis"
               type="develop"
               isDevelopment="t"
               isAfterDevelopment=""
               isQuality=""
               isAppraisal=""
               isInspection=""
               isFailure=""
               isOverhead=""
               isPSP=""
               />

    

        <phase name="SW Reqts Review"
               longName="Software Requirements Review"
               type="review"
               isDevelopment=""
               isAfterDevelopment=""
               isQuality="t"
               isAppraisal="t"
               isInspection=""
               isFailure=""
               isOverhead=""
               isPSP=""
               />

    

        <phase name="SW Reqts Inspect"
               longName="Software Requirements Inspection"
               type="insp"
               isDevelopment=""
               isAfterDevelopment=""
               isQuality="t"
               isAppraisal="t"
               isInspection="t"
               isFailure=""
               isOverhead=""
               isPSP=""
               />

    

        <phase name="SW Test Prep"
               longName="Software Test Preparation"
               type="develop"
               isDevelopment="t"
               isAfterDevelopment=""
               isQuality=""
               isAppraisal=""
               isInspection=""
               isFailure=""
               isOverhead=""
               isPSP=""
               />

    

        <phase name="SW Design"
               longName="Software Design"
               type="develop"
               isDevelopment="t"
               isAfterDevelopment=""
               isQuality=""
               isAppraisal=""
               isInspection=""
               isFailure=""
               isOverhead=""
               isPSP=""
               />

    

        <phase name="SW Design Review"
               longName="Software Design Review"
               type="review"
               isDevelopment=""
               isAfterDevelopment=""
               isQuality="t"
               isAppraisal="t"
               isInspection=""
               isFailure=""
               isOverhead=""
               isPSP=""
               />

    

        <phase name="SW Design Inspect"
               longName="Software Design Inspection"
               type="insp"
               isDevelopment=""
               isAfterDevelopment=""
               isQuality="t"
               isAppraisal="t"
               isInspection="t"
               isFailure=""
               isOverhead=""
               isPSP=""
               />

    

        <phase name="Design"
               longName="Detailed Design"
               type="DLD"
               isDevelopment="t"
               isAfterDevelopment=""
               isQuality=""
               isAppraisal=""
               isInspection=""
               isFailure=""
               isOverhead=""
               isPSP="t"
               />

    

        <phase name="Design Review"
               longName="Detailed Design Review"
               type="DLDR"
               isDevelopment=""
               isAfterDevelopment=""
               isQuality="t"
               isAppraisal="t"
               isInspection=""
               isFailure=""
               isOverhead=""
               isPSP="t"
               />

    

        <phase name="Design Inspect"
               longName="Detailed Design Inspection"
               type="insp"
               isDevelopment=""
               isAfterDevelopment=""
               isQuality="t"
               isAppraisal="t"
               isInspection="t"
               isFailure=""
               isOverhead=""
               isPSP=""
               />

    

        <phase name="Code"
               longName="Code"
               type="CODE"
               isDevelopment="t"
               isAfterDevelopment=""
               isQuality=""
               isAppraisal=""
               isInspection=""
               isFailure=""
               isOverhead=""
               isPSP="t"
               />

    

        <phase name="Code Review"
               longName="Code Review"
               type="CR"
               isDevelopment=""
               isAfterDevelopment=""
               isQuality="t"
               isAppraisal="t"
               isInspection=""
               isFailure=""
               isOverhead=""
               isPSP="t"
               />

    

        <phase name="Compile"
               longName="Compile"
               type="COMP"
               isDevelopment=""
               isAfterDevelopment=""
               isQuality="t"
               isAppraisal=""
               isInspection=""
               isFailure="t"
               isOverhead=""
               isPSP="t"
               />

    

        <phase name="Code Inspect"
               longName="Code Inspection"
               type="insp"
               isDevelopment=""
               isAfterDevelopment=""
               isQuality="t"
               isAppraisal="t"
               isInspection="t"
               isFailure=""
               isOverhead=""
               isPSP=""
               />

    

        <phase name="Test"
               longName="Unit Test"
               type="UT"
               isDevelopment=""
               isAfterDevelopment=""
               isQuality="t"
               isAppraisal=""
               isInspection=""
               isFailure="t"
               isOverhead=""
               isPSP="t"
               />

    

        <phase name="SW Int Test"
               longName="Unit Integration"
               type="failure"
               isDevelopment=""
               isAfterDevelopment=""
               isQuality="t"
               isAppraisal=""
               isInspection=""
               isFailure="t"
               isOverhead=""
               isPSP=""
               />

    

        <phase name="TRR"
               longName="Test Readiness Review"
               type="insp"
               isDevelopment=""
               isAfterDevelopment=""
               isQuality="t"
               isAppraisal="t"
               isInspection="t"
               isFailure=""
               isOverhead=""
               isPSP=""
               />

    

        <phase name="SW Qual Test"
               longName="Software Qualification Testing"
               type="failure"
               isDevelopment=""
               isAfterDevelopment=""
               isQuality="t"
               isAppraisal=""
               isInspection=""
               isFailure="t"
               isOverhead=""
               isPSP=""
               />

    

        <phase name="Sys Int Test"
               longName="System Integration"
               type="failure"
               isDevelopment=""
               isAfterDevelopment=""
               isQuality="t"
               isAppraisal=""
               isInspection=""
               isFailure="t"
               isOverhead=""
               isPSP=""
               />

    

        <phase name="Sys Qual Test"
               longName="System Qualification Testing"
               type="failure"
               isDevelopment=""
               isAfterDevelopment=""
               isQuality="t"
               isAppraisal=""
               isInspection=""
               isFailure="t"
               isOverhead=""
               isPSP=""
               />

    

        <phase name="SW Use Prep"
               longName="Software Use and Transition Prep"
               type="develop"
               isDevelopment="t"
               isAfterDevelopment=""
               isQuality=""
               isAppraisal=""
               isInspection=""
               isFailure=""
               isOverhead=""
               isPSP=""
               />

    

        <phase name="Misc"
               longName="Miscellaneous"
               type="overhead"
               isDevelopment=""
               isAfterDevelopment=""
               isQuality=""
               isAppraisal=""
               isInspection=""
               isFailure=""
               isOverhead="t"
               isPSP=""
               />

    

        <phase name="Postmortem"
               longName="Postmortem"
               type="PM"
               isDevelopment=""
               isAfterDevelopment=""
               isQuality=""
               isAppraisal=""
               isInspection=""
               isFailure=""
               isOverhead="t"
               isPSP="t"
               />

    

        <phase name="SW Use"
               longName="Software Use and Transition"
               type="failure"
               isDevelopment=""
               isAfterDevelopment=""
               isQuality="t"
               isAppraisal=""
               isInspection=""
               isFailure="t"
               isOverhead=""
               isPSP=""
               />

    

    <sizeMetric name="SSS Pages"
                    longName="SSS Pages" />

    <sizeMetric name="SSDD Pages"
                    longName="SSDD Pages" />

    <sizeMetric name="SRS Pages"
                    longName="SRS Pages" />

    <sizeMetric name="STP Pages"
                    longName="STP Pages" />

    <sizeMetric name="Test Cases"
                    longName="Test Cases" />

    <sizeMetric name="SDD Pages"
                    longName="SDD Pages" />

    <sizeMetric name="Text Pages"
                    longName="Text Pages" />

    

    

        <sizeMetric name="DLD Lines" longName="Detailed Design Lines" />

    

    <sizeMetric name="New &amp; Changed LOC" longName="LOC" />

</custom-process-info>
